product,product_group,2024_H1,2024_H2,2025_H1,2025_H2
Current accounts,Banking and credit cards,492289,491172,541493,492149
Credit cards,Banking and credit cards,222529,217160,211903,218456
Motor & transport,Insurance & pure protection,276795,254788,234015,215708
Other general insurance,Insurance & pure protection,118599,123916,113789,111903
Property,Insurance & pure protection,100431,91892,94186,88851
Savings (including ISAs),Banking and credit cards,83392,80592,89919,82465
Medical/health,Insurance & pure protection,95886,77075,76182,70619
Warranty,Insurance & pure protection,53576,51530,65083,61571
Other regulated home finance products,Home finance,70619,63670,60395,58073
"Non-workplace personal pensions (e.g. SIPPs, SHPs, PPPs)",Decumulation & pensions,50831,49383,52395,49094
Travel,Insurance & pure protection,27551,29280,27813,33199
Overdrafts,Banking and credit cards,15586,13290,16188,26456
"Whole of life/term assurance/critical illness",Insurance & pure protection,24674,23622,24950,23955
Other banking - Please provide details below,Banking and credit cards,22151,21404,24463,23166
Pet,Insurance & pure protection,28019,27748,23764,22902
ISAs (where investment held),Investments,22737,18483,22022,18462
Assistance,Insurance & pure protection,18125,20370,18236,18313
"Workplace personal pensions (e.g. SIPPs, SHPs, PPPs)",Decumulation & pensions,16341,16413,16860,17516
Packaged accounts,Banking and credit cards,15080,15959,15944,15065
Other unregulated home finance products,Home finance,16759,14738,12128,12110
General insurance packaged multi products,Insurance & pure protection,14866,12203,13003,10707
Investment bonds,Investments,10965,10056,9513,8918
Platforms,Investments,9103,6405,7980,8845
Other investment products/funds,Investments,7528,6620,7910,7862
"Annuities (including enhanced and impaired)",Decumulation & pensions,9009,7500,7968,7684
Drawdown and UFPLS,Decumulation & pensions,9037,8232,6751,7506
Trust based pensions (e.g. Occupational and DB),Decumulation & pensions,7414,6466,8977,5201
"Income protection and other accident, sickness and unemployment",Insurance & pure protection,4108,4528,4670,5122
Unit trusts/OEICs,Investments,4496,4086,3588,3401
Second and subsequent charge,Home finance,3022,2639,3418,3097
Equity release,Home finance,2201,2328,2111,1969
Endowments,Investments,3046,2562,2318,1789
FX/CFD/Spreadbetting,Investments,1153,1052,1184,1331
Protection packaged multi products,Insurance & pure protection,554,788,797,1171
Discretionary management services,Investments,1404,1269,1187,951
Non-discretionary management services,Investments,903,854,938,937
Other pure protection,Insurance & pure protection,466,440,544,798
ETPs,Investments,303,389,464,605
Payment protection insurance,Insurance & pure protection,882,558,603,551
Decumulation packaged multi products,Decumulation & pensions,0,501,434,520
Impaired credit,Home finance,633,561,564,409
Investment trusts,Investments,508,415,444,353
Crowdfunding / Peer to Peer,Investments,292,306,319,268
UCITS,Investments,187,209,246,252
Structured products,Investments,131,152,94,235
Other pensions,Decumulation & pensions,286,537,481,196
Investment packaged multi products,Investments,73,115,98,71
Other decumulation,Decumulation & pensions,29,33,61,49
"Third way products (e.g. investment linked, variable, fixed term)",Decumulation & pensions,75,67,67,48
Pensions packaged multi products,Decumulation & pensions,22,41,41,30
